city,latitude,longitude
Augustow,53.84321, 22.97979
Belchatow,51.36883, 19.35671
Bialogard,54.00696, 15.98751
Bialystok,53.13333, 23.16433
Bielsko Biala,49.82245, 19.04686
Bircza,49.692820000000005,22.47983
Blachownia,50.78015, 18.96389
Boleslawiec,51.26418, 15.5697
Brzeg,50.86079, 17.4674
Busko Zdroj,50.47078, 20.71884
Bydgoszcz,53.1235, 18.00762
Bytom,50.34802, 18.93282
Chocholow,49.3717987,19.8163026
Chojnice,53.69554, 17.55701
Chorzow,50.30582, 18.9742
Chlapowo,54.804789,18.3725591
Ciechocinek,52.87908, 18.79505
Cieszyn,49.75133, 18.63213
Cisna,49.2131799,22.3283323
Czaplinek,53.55775, 16.23333
Czarna Gorna,49.323566,22.6699025
Czorsztyn,49.437298299999995,20.326864800000003
Czestochowa,50.79646, 19.12409
Czluchow,53.66722, 17.35883
Darlowo,54.42095, 16.4107
Dobrodzien,50.7289,18.4443
Duszniki Zdroj,50.4044,16.389800000000037
Dziwnow,54.02509499999999,14.752646900000002
Dziwnowek,54.035214100000005,14.8068413
Dabki,53.75015749999999,17.9914563
Elblag,54.1522, 19.40884
Elk,53.82824, 22.36469
Gdansk,54.35205, 18.64637
Gdynia,54.51889, 18.53188
Gliwice,50.29761, 18.67658
Gniezno,52.53481, 17.58259
Gorlice,49.65563, 21.16035
Gorzow Wielkopolski,52.73679, 15.22878
Goldap,54.30631, 22.30362
Grajewo,53.64728, 22.45537
Grudziadz,53.48411, 18.75366
Herby,50.7512437,18.883244
Inowroclaw,52.79886, 18.26387
Ilowa,51.5006828,15.198459900000001
Jaroslawiec,50.7171,23.362899999999968
Jastrzebia Gora,54.8304,18.304399999999987
Jastrzebie Zdroj,49.95542, 18.57479
Jaslo,49.74506, 21.47252
Jelenia Gora,50.89973, 15.72899
Karpacz,50.7747485,15.754203500000001
Karwia,54.529266,16.822163
Katowice,50.25841, 19.02754
Kielce,50.87033, 20.62752
Kluszkowce,49.4509646,20.301466100000003
Konin,52.22338, 18.25121
Koszalin,54.19438, 16.17222
Kolobrzeg,54.17565, 15.58342
Koscielisko,49.2907,19.8886
Krakow,50.06143, 19.93658
Krakow Balice port lotniczy,50.0774,19.7876
Krasiczyn,49.776225700000005,22.6521706
Krasnik,50.9236, 22.22706
Krosno,49.68866, 21.77058
Kroscienko,49.4783429,22.668249399999997
Kroscienko nad Dunajcem,49.4457,20.4289
Krynica Morska,54.38,19.4434
Krynica Zdroj,49.42225, 20.95942
Kudowa Zdroj,50.44297, 16.24397
Kwidzyn,53.72495, 18.93114
Katy Rybackie,54.34,19.22950000000003
Klodzko,50.43488, 16.66145
Legnica,51.21006, 16.1619
Lesko,49.4701, 22.33042
Leszno,51.84034, 16.57494
Lubin,51.40089, 16.20149
Lublin,51.25, 22.56667
Lubliniec,50.66897, 18.6844
Lutowiska,49.2506891,22.6954882
Lebork,54.53921, 17.75012
Malbork,54.03591, 19.0266
Medyka,49.8057989,22.937541500000002
Mielno,54.25900649999999,16.0539997
Miedzywodzie,54.0068476,14.695359900000001
Miedzyzdroje,53.92921, 14.45097
Mrzezyno,54.143496999999996,15.290550699999999
Myslenice,49.83383, 19.9383
Mlawa,53.11278, 20.3841
Nidzica,53.36052, 20.42749
Niechorze,54.09536529999999,15.0819989
Nowa Sol,51.80333, 15.71702
Nowa Wies,53.001278799999994,18.7420692
Nowy Sacz,49.62177, 20.69705
Nowy Targ,49.47783, 20.03228
Nysa,50.47379, 17.33437
Olecko,54.03374, 22.50704
Olsztyn,53.77995, 20.49416
Opole,50.67211, 17.92533
Ostrowiec Swietokrzyski,50.92936, 21.38525
Ostroda,53.69671, 19.96486
Osno Lubuskie,52.45513199999999,14.8682003
Oswiecim,50.03437, 19.21037
Piotrkow Trybunalski,51.40547, 19.70321
Pila,53.15145, 16.73782
Pobierowo,54.057080799999994,14.9332546
Pogorzelica,54.447268799999996,17.5574036
Polanica Zdroj,50.40373, 16.51271
Polanczyk,49.372251,22.4298002
Polkowice,51.50391, 16.07261
Port lotniczy Katowice Pyrzowice,50.4712,19.07179999999994
Port lotniczy Warszawa Modlin,52.4513,20.651700000000005
Port lotniczy Wroclaw,51.1076,16.87570000000005
Poznan,52.40692, 16.92993
Polczyn Zdroj,53.76424, 16.09574
Przemysl,49.78498, 22.76728
Przysucha,51.35850429999999,20.6285468
Pustkowo,54.2333333,18.3833333
Pulawy,51.41655, 21.96939
Plock,52.54682, 19.70638
Rabka Zdroj,49.60889, 19.96654
Radom,51.40253, 21.14714
Rewal,54.0820674,15.014192900000001
Rozewie,54.829185200000005,18.3352883
Rybnik,50.09713, 18.54179
Rzeszow,50.04132, 21.99901
Rzeszow Jasionka port lotniczy,50.1109,22.021099999999933
Sandomierz,50.68265, 21.74898
Sanok,49.55573, 22.2056
Sarbinowo,52.6575501,14.6753303
Sieradz,51.59584, 18.73023
Skarzysko Kamienna,51.11311, 20.87162
Solina,44.5467,18.6923622
Sopot,54.4418, 18.56003
Sosnowiec,50.28682, 19.10385
Starogard Gdanski,53.96396, 18.52638
Stegna,54.3286519,19.113063699999998
Strzelce Krajenskie,52.8785255,15.532592499999998
Suwalki,54.11175, 22.93087
Szczawnica,49.4264,20.476200000000066
Szczecin,53.42894, 14.55302
Szczecin Goleniow im. NSZZ Solidarnosc port lotniczy,53.5931,14.894900000000007
Szczecinek,53.70791, 16.69937
Szklarska Poreba,50.8299,15.51819999999998
Sztum,53.919866299999995,19.030538399999998
Sztutowo,54.330086,19.177209
Slubice,52.35088, 14.56065
Slupsk,54.46405, 17.02872
Tarnow,50.01381, 20.98698
Torun,53.01375, 18.59814
Trzesacz,52.76384670000001,15.429816
Ustronie Morskie,54.213598399999995,15.7560763
Ustrzyki Dolne,49.4304, 22.59381
Ustrzyki Gorne,49.1052,22.649200000000068
Warszawa,52.2319237,21.006726500000003
Walbrzych,50.77141, 16.28432
Walcz,53.27787, 16.47122
Wetlina,49.1551784,22.4690026
Wieliczka,49.98738, 20.06473
Wielun,51.22097, 18.56964
Wieruszow,51.29488, 18.15547
Wiselka,53.965052500000006,14.570979999999999
Wroclaw,51.1, 17.03333
Wysowa Zdroj,49.4363096,21.177263600000003
Wyszogrod,52.388399299999996,20.191284600000003
Wladyslawowo,54.79086, 18.4009
Wloclawek,52.64817, 19.0678
Zabrze,50.32492, 18.78576
Zagorz,49.51457, 22.26706
Zakopane,49.29899, 19.94885
Zator,49.996305299999996,19.4376782
Zebrzydowice,49.87793, 18.61127
Zgierz,51.85561, 19.40623
Zgorzelec,51.14942, 15.00835
Zielona Gora,51.93548, 15.50643
Zloty Stok,50.445143,16.8765836
Lazy,50.42769, 19.39465
Leba,54.7585,17.555399999999963
Lomza,53.17806, 22.05935
Lowicz,52.10714, 19.94525
Lukecin,54.0430193,14.8732835
Lodz,51.75, 19.46667
Swidnica,50.84378, 16.48859
Swiebodzin,52.24751, 15.53355
Swiecie,53.40953, 18.44742
Znin,52.84958, 17.71992
Zory,50.04523, 18.70062
Zywiec,49.68529, 19.19243
