museum,city
Zamek Krolewski w Warszawie - Pomnik Historii i Kultury Narodowej,Warsaw
Muzeum Narodowe w Krakowie,Krakow
Muzeum Zamoyskich,Kozlowka
Muzeum ,Wieliczka
Muzeum Historii Polskiego Ruchu Ludowego,Warsaw
Muzeum Niepodleglosci,Warsaw
Muzeum Oreza Polskiego,Kolobrzeg
Muzeum Ziemi Lubuskiej,Zielona Gora
Panstwowe Muzeum Archeologiczne w Warszawie,Warsaw
Muzeum Okregowe w Rzeszowie,Rzeszow
Muzeum Narodowe w Warszawie,Warsaw
Panstwowe Muzeum Etnograficzne w Warszawie,Warsaw
Panstwowe Muzeum na Majdanku,Lublin
Muzeum Gross-Rosen,Rogoznica
Zamek Krolewski na Wawelu - Panstwowe Zbiory Sztuki w Krakowie,Krakow
Muzeum Zamkowe w Malborku,Malbork
Muzeum ,Warsaw
Muzeum Zamkowe w Pszczynie,Pszczyna
Muzeum Archeologiczne Srodkowego Nadodrza,Swidnica
Muzeum Etnograficzne w Zielonej Gorze,Ochla
Lubuskie Muzeum Wojskowe,Drzonow
Muzeum Pomorza Srodkowego,Slupsk
Centralne Muzeum Jencow Wojennych,Opole
Panstwowe Muzeum Auschwitz-Birkenau,Oswiecim
Muzeum Poczatkow Panstwa Polskiego,Gniezno
Zamek Gorkow w Szamotulach,Szamotuly
Muzeum Ziemi Kujawskiej i Dobrzynskiej,Wloclawek
Palac w Wilanowie,Warsaw
Muzeum Stutthof,Sztutowo
Muzeum Narodowe Rolnictwa i Przemyslu Rolno-Spozywczego,Szreniawa
Muzeum Sportu i Turystyki,Warsaw
Muzeum Okregowe w Toruniu,Torun
Muzeum Poludniowego Podlasia,Biala Podlaska
Muzeum Karkonoskie,Jelenia Gora
Muzeum Nadwislanskie w Kazimierzu Dolnym,Kazimierz Dolny
Muzeum Okregowe Ziemi Kaliskiej w Kaliszu,Kalisz
Muzeum Ziemi Chelmskiej,Chelm
Muzeum Ziemi Miedzyrzeckiej,Miedzyrzecz
Muzeum Lubuskie,Gorzow Wielkopolski
Muzeum Szlachty Mazowieckiej,Ciechanow
Muzeum Rolnictwa,Ciechanowiec
Muzeum Archeologiczne i Etnograficzne w Lodzi,Lodz
Muzeum Historii Przemyslu,Opatowek
Muzeum Okregowe w Pile,Pila
Muzeum Archeologiczne w Poznaniu,Poznan
Zamek w ,Lancut
Muzeum Lubelskie,Lublin
Muzeum ,Opole
Muzeum Wsi Opolskiej,Opole
Muzeum Azji i Pacyfiku,Warsaw
Muzeum Sztuki w Lodzi,Lodz
Muzeum Pierwszych Piastow,Lednogora
Muzeum im. ks. dr. Wladyslawa Legi,Grudziadz
Muzeum Wsi Kieleckiej,Kielce
Narodowe Muzeum Morskie,Gdansk
Muzeum Wojska Polskiego,Warsaw
Muzeum Ludowych Instrumentow Muzycznych,Szydlowiec
Muzeum w ,Lowicz
Muzeum Okregowe w Sandomierzu,Sandomierz
Muzeum Narodowe w Kielcach,Kielce
Muzeum Literatury,Warsaw
Muzeum Mazowsza Zachodniego,Zyrardow
Muzeum Kaszubskie im. Franciszka Tredera w Kartuzach,Kartuzy
Muzeum Historyczne M.St. Warszawy,Warsaw
Muzeum Wsi Lubelskiej,Lublin
Muzeum Historyczno-Archeologiczne w Ostrowcu Swietokrzyskim,Ostrowiec Swietokrzyski
Muzeum Ziemi Klodzkiej,Klodzko
Prywatne Muzeum Motoryzacji i Techniki,Otrebusy
Kaszubski Park Etnograficzny,Wdzydze Kiszewskie
Muzeum Okregowe w Tarnowie,Tarnow
Muzeum w Walbrzychu,Walbrzych
Muzeum Podlaskie w Bialymstoku,Bialystok
Muzeum Podkarpackie,Krosno
Muzeum Narodowe w Gdansku,Gdansk
Muzeum Ziemi Wielunskiej,Wielun
Muzeum im. Zofii i Waclawa Nalkowskich,Wolomin
Muzeum Mazowieckie,Plock
Muzeum Narodowe w Poznaniu,Poznan
Muzeum Powstania Warszawskiego,Warsaw
Muzeum Etnograficzne w Toruniu,Torun
Muzeum Regionalne w Stalowej Woli,Stalowa Wola
Muzeum Historyczne Miasta Krakowa,Krakow
Muzeum Budownictwa Ludowego w Sanoku,Sanok
Muzeum ,Katowice
Muzeum Ziemi Puckiej,Puck
Muzeum Pismiennictwa i Muzyki Kaszubsko-Pomorskiej,Wejherowo
Muzeum Warmii i Mazur,Olsztyn
Muzeum Archeologiczne w Krakowie,Krakow
Muzeum Lotnictwa Polskiego,Krakow
Muzeum Okregowe w Nowym Saczu,Nowy Sacz
Muzeum Tatrzanskie,Zakopane
Muzeum Etnograficzne w Krakowie,Krakow
Zamek w Oporowie,Oporow
Muzeum Narodowe Ziemi Przemyskiej,Przemysl
Muzeum Archeologiczno-Historyczne w Glogowie,Glogow
Muzeum Okregowe w Lesznie,Leszno
Muzeum Budownictwa Ludowego - Park Etnograficzny w Olsztynku,Olsztynek
Muzeum w Koszalinie,Koszalin
Muzeum Okregowe w Bydgoszczy,Bydgoszcz
Muzeum Mikolaja Kopernika,Frombork
Muzeum Kultury Ludowej w Kolbuszowej,Kolbuszowa
Nadwislanski Park Etnograficzny w Wygielzowie i Zamek Lipowiec,Wygielzow
Muzeum Narodowe w Szczecinie,Szczecin
Orawski Park Etnograficzny,Zubrzyca Gorna
Muzeum Historyczno-Etnograficzne w Chojnicach,Chojnice
Muzeum II Wojny Swiatowej,Gdansk
Muzeum Polnocno-Mazowieckie,Lomza
Muzeum Uniwersytetu Jagiellonskiego,Krakow
Muzeum Zachodnio-Kaszubskie,Bytow
Muzeum Kultury Ludowej w Wegorzewie,Wegorzewo
Muzeum Narodowe w Wroclawiu,Wroclaw
Muzeum Zamojskie,Zamosc
Muzeum Papiernictwa w Dusznikach Zdroju,Duszniki Zdroj
Centralne Muzeum Wlokiennictwa w Lodzi,Lodz
Muzeum Architektury we Wroclawiu,Wroclaw
Muzeum Sztuki i Techniki Japonskiej Manggha,Krakow
Muzeum Wsi Mazowieckiej w Sierpcu,Sierpc
Muzeum Historii Fotografii im. Walerego Rzewuskiego w Krakowie,Krakow
Muzeum Okregowe w Suwalkach,Suwalki
Muzeum Historyczne Miasta Gdanska,Gdansk
Muzeum Romantyzmu w Opinogorze,Opinogora Gorna
Muzeum Historyczne w Bielsku-Bialej,Bielsko-Biala
Muzeum Wojska w Bialymstoku,Bialystok
Muzeum Dawnego Kupiectwa w Swidnicy,Swidnica
Muzeum Historii Zydow Polskich POLIN,Warsaw
Muzeum Fryderyka Chopina w Warszawie,Warsaw
Gornoslaski Park Etnograficzny w Chorzowie,Chorzow
